<?xml version="1.0" encoding="UTF-8" ?>
<!DOCTYPE NmLoader SYSTEM "standardX10.dtd">
<NmLoader>
  <csvLifeCycleTemplateBegin handler="wt.lifecycle.LoadLifeCycle.createLifeCycleTemplate">
    <csvname>MNG_Propias</csvname>
    <csvdescription></csvdescription>
    <csvsupportedClass>wt.fc.WTObject</csvsupportedClass>
    <csvfolderLocation>/System</csvfolderLocation>
    <csvenabled>true</csvenabled>
    <csvrouting>false</csvrouting>
    <csvbasic>false</csvbasic>
  </csvLifeCycleTemplateBegin>
  <csvPhaseTemplateBegin handler="wt.lifecycle.LoadLifeCycle.createPhaseTemplateBegin">
    <csvname>Start</csvname>
    <csvphaseState>MNG_START</csvphaseState>
    <csvphaseWorkflow>MNG Shops Workflow Test</csvphaseWorkflow>
    <csvgateWorkflow></csvgateWorkflow>
    <csvseriesSelector></csvseriesSelector>
  </csvPhaseTemplateBegin>
  <csvRoleHolder handler="wt.project.LoadProject.createRoleHolder">
    <csvroleToAssign>REVIEWER</csvroleToAssign>
    <csvassignedPrincipal></csvassignedPrincipal>
  </csvRoleHolder>
  <csvWTAclEntry handler="wt.lifecycle.LoadLifeCycle.createWTAclEntry">
    <csvrole>REVIEWER</csvrole>
    <csvpermission>0</csvpermission>
  </csvWTAclEntry>
  <csvPhaseTemplateEnd handler="wt.lifecycle.LoadLifeCycle.createPhaseTemplateEnd"></csvPhaseTemplateEnd>
  <csvPhaseTemplateBegin handler="wt.lifecycle.LoadLifeCycle.createPhaseTemplateBegin">
    <csvname>Receiving Offers</csvname>
    <csvphaseState>MNG_RECEIVING_OFFERS</csvphaseState>
    <csvphaseWorkflow></csvphaseWorkflow>
    <csvgateWorkflow></csvgateWorkflow>
    <csvseriesSelector></csvseriesSelector>
  </csvPhaseTemplateBegin>
  <csvRoleHolder handler="wt.project.LoadProject.createRoleHolder">
    <csvroleToAssign>REVIEWER</csvroleToAssign>
    <csvassignedPrincipal></csvassignedPrincipal>
  </csvRoleHolder>
  <csvWTAclEntry handler="wt.lifecycle.LoadLifeCycle.createWTAclEntry">
    <csvrole>REVIEWER</csvrole>
    <csvpermission>0</csvpermission>
  </csvWTAclEntry>
  <csvPhaseTemplateEnd handler="wt.lifecycle.LoadLifeCycle.createPhaseTemplateEnd"></csvPhaseTemplateEnd>
  <csvPhaseTemplateBegin handler="wt.lifecycle.LoadLifeCycle.createPhaseTemplateBegin">
    <csvname>Previous Study Request</csvname>
    <csvphaseState>MNG_PREVIOUS_STUDY_REQUEST</csvphaseState>
    <csvphaseWorkflow></csvphaseWorkflow>
    <csvgateWorkflow></csvgateWorkflow>
    <csvseriesSelector></csvseriesSelector>
  </csvPhaseTemplateBegin>
  <csvRoleHolder handler="wt.project.LoadProject.createRoleHolder">
    <csvroleToAssign>REVIEWER</csvroleToAssign>
    <csvassignedPrincipal></csvassignedPrincipal>
  </csvRoleHolder>
  <csvWTAclEntry handler="wt.lifecycle.LoadLifeCycle.createWTAclEntry">
    <csvrole>REVIEWER</csvrole>
    <csvpermission>0</csvpermission>
  </csvWTAclEntry>
  <csvPhaseTemplateEnd handler="wt.lifecycle.LoadLifeCycle.createPhaseTemplateEnd"></csvPhaseTemplateEnd>
  <csvPhaseTemplateBegin handler="wt.lifecycle.LoadLifeCycle.createPhaseTemplateBegin">
    <csvname>Under Negotiation</csvname>
    <csvphaseState>MNG_UNDER_NEGOTIATION</csvphaseState>
    <csvphaseWorkflow>Submit</csvphaseWorkflow>
    <csvgateWorkflow>Review</csvgateWorkflow>
    <csvseriesSelector></csvseriesSelector>
  </csvPhaseTemplateBegin>
  <csvRoleHolder handler="wt.project.LoadProject.createRoleHolder">
    <csvroleToAssign>REVIEWER</csvroleToAssign>
    <csvassignedPrincipal></csvassignedPrincipal>
  </csvRoleHolder>
  <csvWTAclEntry handler="wt.lifecycle.LoadLifeCycle.createWTAclEntry">
    <csvrole>REVIEWER</csvrole>
    <csvpermission>0</csvpermission>
  </csvWTAclEntry>
  <csvPhaseTemplateEnd handler="wt.lifecycle.LoadLifeCycle.createPhaseTemplateEnd"></csvPhaseTemplateEnd>
  <csvPhaseTemplateBegin handler="wt.lifecycle.LoadLifeCycle.createPhaseTemplateBegin">
    <csvname>Pending Signature</csvname>
    <csvphaseState>MNG_PENDING_SIGNATURE</csvphaseState>
    <csvphaseWorkflow>Submit</csvphaseWorkflow>
    <csvgateWorkflow>Review</csvgateWorkflow>
    <csvseriesSelector></csvseriesSelector>
  </csvPhaseTemplateBegin>
  <csvRoleHolder handler="wt.project.LoadProject.createRoleHolder">
    <csvroleToAssign>REVIEWER</csvroleToAssign>
    <csvassignedPrincipal></csvassignedPrincipal>
  </csvRoleHolder>
  <csvWTAclEntry handler="wt.lifecycle.LoadLifeCycle.createWTAclEntry">
    <csvrole>REVIEWER</csvrole>
    <csvpermission>0</csvpermission>
  </csvWTAclEntry>
  <csvPhaseTemplateEnd handler="wt.lifecycle.LoadLifeCycle.createPhaseTemplateEnd"></csvPhaseTemplateEnd>
  <csvPhaseTemplateBegin handler="wt.lifecycle.LoadLifeCycle.createPhaseTemplateBegin">
    <csvname>Contract Negotiation</csvname>
    <csvphaseState>MNG_CONTRACT_NEGOTIATION</csvphaseState>
    <csvphaseWorkflow>Submit</csvphaseWorkflow>
    <csvgateWorkflow>Review</csvgateWorkflow>
    <csvseriesSelector></csvseriesSelector>
  </csvPhaseTemplateBegin>
  <csvRoleHolder handler="wt.project.LoadProject.createRoleHolder">
    <csvroleToAssign>REVIEWER</csvroleToAssign>
    <csvassignedPrincipal></csvassignedPrincipal>
  </csvRoleHolder>
  <csvWTAclEntry handler="wt.lifecycle.LoadLifeCycle.createWTAclEntry">
    <csvrole>REVIEWER</csvrole>
    <csvpermission>0</csvpermission>
  </csvWTAclEntry>
  <csvPhaseTemplateEnd handler="wt.lifecycle.LoadLifeCycle.createPhaseTemplateEnd"></csvPhaseTemplateEnd>
  <csvPhaseTemplateBegin handler="wt.lifecycle.LoadLifeCycle.createPhaseTemplateBegin">
    <csvname>Signed</csvname>
    <csvphaseState>MNG_SIGNED</csvphaseState>
    <csvphaseWorkflow>Submit</csvphaseWorkflow>
    <csvgateWorkflow>Review</csvgateWorkflow>
    <csvseriesSelector></csvseriesSelector>
  </csvPhaseTemplateBegin>
  <csvRoleHolder handler="wt.project.LoadProject.createRoleHolder">
    <csvroleToAssign>REVIEWER</csvroleToAssign>
    <csvassignedPrincipal></csvassignedPrincipal>
  </csvRoleHolder>
  <csvWTAclEntry handler="wt.lifecycle.LoadLifeCycle.createWTAclEntry">
    <csvrole>REVIEWER</csvrole>
    <csvpermission>0</csvpermission>
  </csvWTAclEntry>
  <csvPhaseTemplateEnd handler="wt.lifecycle.LoadLifeCycle.createPhaseTemplateEnd"></csvPhaseTemplateEnd>
  <csvPhaseTemplateBegin handler="wt.lifecycle.LoadLifeCycle.createPhaseTemplateBegin">
    <csvname>Shop in Project</csvname>
    <csvphaseState>MNG_SHOP_PROJECT</csvphaseState>
    <csvphaseWorkflow>Submit</csvphaseWorkflow>
    <csvgateWorkflow>Review</csvgateWorkflow>
    <csvseriesSelector></csvseriesSelector>
  </csvPhaseTemplateBegin>
  <csvRoleHolder handler="wt.project.LoadProject.createRoleHolder">
    <csvroleToAssign>REVIEWER</csvroleToAssign>
    <csvassignedPrincipal></csvassignedPrincipal>
  </csvRoleHolder>
  <csvWTAclEntry handler="wt.lifecycle.LoadLifeCycle.createWTAclEntry">
    <csvrole>REVIEWER</csvrole>
    <csvpermission>0</csvpermission>
  </csvWTAclEntry>
  <csvPhaseTemplateEnd handler="wt.lifecycle.LoadLifeCycle.createPhaseTemplateEnd"></csvPhaseTemplateEnd>
  <csvPhaseTemplateBegin handler="wt.lifecycle.LoadLifeCycle.createPhaseTemplateBegin">
    <csvname>Revisión en curso</csvname>
    <csvphaseState>UNDERREVIEW</csvphaseState>
    <csvphaseWorkflow>Submit</csvphaseWorkflow>
    <csvgateWorkflow>Review</csvgateWorkflow>
    <csvseriesSelector></csvseriesSelector>
  </csvPhaseTemplateBegin>
  <csvRoleHolder handler="wt.project.LoadProject.createRoleHolder">
    <csvroleToAssign>REVIEWER</csvroleToAssign>
    <csvassignedPrincipal></csvassignedPrincipal>
  </csvRoleHolder>
  <csvWTAclEntry handler="wt.lifecycle.LoadLifeCycle.createWTAclEntry">
    <csvrole>REVIEWER</csvrole>
    <csvpermission>0</csvpermission>
  </csvWTAclEntry>
  <csvPhaseTemplateEnd handler="wt.lifecycle.LoadLifeCycle.createPhaseTemplateEnd"></csvPhaseTemplateEnd>
  <csvPhaseTemplateBegin handler="wt.lifecycle.LoadLifeCycle.createPhaseTemplateBegin">
    <csvname>Surveying Requested</csvname>
    <csvphaseState>MNG_SURVEYING_REQUESTED</csvphaseState>
    <csvphaseWorkflow>Submit</csvphaseWorkflow>
    <csvgateWorkflow>Review</csvgateWorkflow>
    <csvseriesSelector></csvseriesSelector>
  </csvPhaseTemplateBegin>
  <csvRoleHolder handler="wt.project.LoadProject.createRoleHolder">
    <csvroleToAssign>REVIEWER</csvroleToAssign>
    <csvassignedPrincipal></csvassignedPrincipal>
  </csvRoleHolder>
  <csvWTAclEntry handler="wt.lifecycle.LoadLifeCycle.createWTAclEntry">
    <csvrole>REVIEWER</csvrole>
    <csvpermission>0</csvpermission>
  </csvWTAclEntry>
  <csvPhaseTemplateEnd handler="wt.lifecycle.LoadLifeCycle.createPhaseTemplateEnd"></csvPhaseTemplateEnd>
  <csvPhaseTemplateBegin handler="wt.lifecycle.LoadLifeCycle.createPhaseTemplateBegin">
    <csvname>Surveying of reception</csvname>
    <csvphaseState>MNG_SURVEYING_RECEPTION</csvphaseState>
    <csvphaseWorkflow>Submit</csvphaseWorkflow>
    <csvgateWorkflow>Review</csvgateWorkflow>
    <csvseriesSelector></csvseriesSelector>
  </csvPhaseTemplateBegin>
  <csvRoleHolder handler="wt.project.LoadProject.createRoleHolder">
    <csvroleToAssign>REVIEWER</csvroleToAssign>
    <csvassignedPrincipal></csvassignedPrincipal>
  </csvRoleHolder>
  <csvWTAclEntry handler="wt.lifecycle.LoadLifeCycle.createWTAclEntry">
    <csvrole>REVIEWER</csvrole>
    <csvpermission>0</csvpermission>
  </csvWTAclEntry>
  <csvPhaseTemplateEnd handler="wt.lifecycle.LoadLifeCycle.createPhaseTemplateEnd"></csvPhaseTemplateEnd>
  <csvPhaseTemplateBegin handler="wt.lifecycle.LoadLifeCycle.createPhaseTemplateBegin">
    <csvname>Interior Published</csvname>
    <csvphaseState>MNG_INTERIOR_PUBLISHED</csvphaseState>
    <csvphaseWorkflow>Submit</csvphaseWorkflow>
    <csvgateWorkflow>Review</csvgateWorkflow>
    <csvseriesSelector></csvseriesSelector>
  </csvPhaseTemplateBegin>
  <csvRoleHolder handler="wt.project.LoadProject.createRoleHolder">
    <csvroleToAssign>REVIEWER</csvroleToAssign>
    <csvassignedPrincipal></csvassignedPrincipal>
  </csvRoleHolder>
  <csvWTAclEntry handler="wt.lifecycle.LoadLifeCycle.createWTAclEntry">
    <csvrole>REVIEWER</csvrole>
    <csvpermission>0</csvpermission>
  </csvWTAclEntry>
  <csvPhaseTemplateEnd handler="wt.lifecycle.LoadLifeCycle.createPhaseTemplateEnd"></csvPhaseTemplateEnd>
  <csvPhaseTemplateBegin handler="wt.lifecycle.LoadLifeCycle.createPhaseTemplateBegin">
    <csvname>Interior Design Team Assigned</csvname>
    <csvphaseState>MNG_INTERIOR_TEAM_ASSIGNED</csvphaseState>
    <csvphaseWorkflow>Submit</csvphaseWorkflow>
    <csvgateWorkflow>Review</csvgateWorkflow>
    <csvseriesSelector></csvseriesSelector>
  </csvPhaseTemplateBegin>
  <csvRoleHolder handler="wt.project.LoadProject.createRoleHolder">
    <csvroleToAssign>REVIEWER</csvroleToAssign>
    <csvassignedPrincipal></csvassignedPrincipal>
  </csvRoleHolder>
  <csvWTAclEntry handler="wt.lifecycle.LoadLifeCycle.createWTAclEntry">
    <csvrole>REVIEWER</csvrole>
    <csvpermission>0</csvpermission>
  </csvWTAclEntry>
  <csvPhaseTemplateEnd handler="wt.lifecycle.LoadLifeCycle.createPhaseTemplateEnd"></csvPhaseTemplateEnd>
  <csvPhaseTemplateBegin handler="wt.lifecycle.LoadLifeCycle.createPhaseTemplateBegin">
    <csvname>Start Interior Design Project</csvname>
    <csvphaseState>MNG_START_INTERIOR_PROJECT</csvphaseState>
    <csvphaseWorkflow>Submit</csvphaseWorkflow>
    <csvgateWorkflow>Review</csvgateWorkflow>
    <csvseriesSelector></csvseriesSelector>
  </csvPhaseTemplateBegin>
  <csvRoleHolder handler="wt.project.LoadProject.createRoleHolder">
    <csvroleToAssign>REVIEWER</csvroleToAssign>
    <csvassignedPrincipal></csvassignedPrincipal>
  </csvRoleHolder>
  <csvWTAclEntry handler="wt.lifecycle.LoadLifeCycle.createWTAclEntry">
    <csvrole>REVIEWER</csvrole>
    <csvpermission>0</csvpermission>
  </csvWTAclEntry>
  <csvPhaseTemplateEnd handler="wt.lifecycle.LoadLifeCycle.createPhaseTemplateEnd"></csvPhaseTemplateEnd>
  <csvPhaseTemplateBegin handler="wt.lifecycle.LoadLifeCycle.createPhaseTemplateBegin">
    <csvname>Distribution Plant Complete</csvname>
    <csvphaseState>MNG_DISTRIBUTION_PLANT_COMPLETE</csvphaseState>
    <csvphaseWorkflow>Submit</csvphaseWorkflow>
    <csvgateWorkflow>Review</csvgateWorkflow>
    <csvseriesSelector></csvseriesSelector>
  </csvPhaseTemplateBegin>
  <csvRoleHolder handler="wt.project.LoadProject.createRoleHolder">
    <csvroleToAssign>REVIEWER</csvroleToAssign>
    <csvassignedPrincipal></csvassignedPrincipal>
  </csvRoleHolder>
  <csvWTAclEntry handler="wt.lifecycle.LoadLifeCycle.createWTAclEntry">
    <csvrole>REVIEWER</csvrole>
    <csvpermission>0</csvpermission>
  </csvWTAclEntry>
  <csvPhaseTemplateEnd handler="wt.lifecycle.LoadLifeCycle.createPhaseTemplateEnd"></csvPhaseTemplateEnd>
  <csvPhaseTemplateBegin handler="wt.lifecycle.LoadLifeCycle.createPhaseTemplateBegin">
    <csvname>Validation Architect Area Plan</csvname>
    <csvphaseState>MNG_VALIDATION_ARCHITECT_PLAN</csvphaseState>
    <csvphaseWorkflow>Submit</csvphaseWorkflow>
    <csvgateWorkflow>Review</csvgateWorkflow>
    <csvseriesSelector></csvseriesSelector>
  </csvPhaseTemplateBegin>
  <csvRoleHolder handler="wt.project.LoadProject.createRoleHolder">
    <csvroleToAssign>REVIEWER</csvroleToAssign>
    <csvassignedPrincipal></csvassignedPrincipal>
  </csvRoleHolder>
  <csvWTAclEntry handler="wt.lifecycle.LoadLifeCycle.createWTAclEntry">
    <csvrole>REVIEWER</csvrole>
    <csvpermission>0</csvpermission>
  </csvWTAclEntry>
  <csvPhaseTemplateEnd handler="wt.lifecycle.LoadLifeCycle.createPhaseTemplateEnd"></csvPhaseTemplateEnd>
  <csvPhaseTemplateBegin handler="wt.lifecycle.LoadLifeCycle.createPhaseTemplateBegin">
    <csvname>Order Sent to Materials Manage</csvname>
    <csvphaseState>MNG_ORDER_SENT_MATERIALS_MANAGEMENT</csvphaseState>
    <csvphaseWorkflow>Submit</csvphaseWorkflow>
    <csvgateWorkflow>Review</csvgateWorkflow>
    <csvseriesSelector></csvseriesSelector>
  </csvPhaseTemplateBegin>
  <csvRoleHolder handler="wt.project.LoadProject.createRoleHolder">
    <csvroleToAssign>REVIEWER</csvroleToAssign>
    <csvassignedPrincipal></csvassignedPrincipal>
  </csvRoleHolder>
  <csvWTAclEntry handler="wt.lifecycle.LoadLifeCycle.createWTAclEntry">
    <csvrole>REVIEWER</csvrole>
    <csvpermission>0</csvpermission>
  </csvWTAclEntry>
  <csvPhaseTemplateEnd handler="wt.lifecycle.LoadLifeCycle.createPhaseTemplateEnd"></csvPhaseTemplateEnd>
  <csvPhaseTemplateBegin handler="wt.lifecycle.LoadLifeCycle.createPhaseTemplateBegin">
    <csvname>Plane Validations Performed by</csvname>
    <csvphaseState>MNG_PLANE_VALIDATIONS_PERFORMED</csvphaseState>
    <csvphaseWorkflow>Submit</csvphaseWorkflow>
    <csvgateWorkflow>Review</csvgateWorkflow>
    <csvseriesSelector></csvseriesSelector>
  </csvPhaseTemplateBegin>
  <csvRoleHolder handler="wt.project.LoadProject.createRoleHolder">
    <csvroleToAssign>REVIEWER</csvroleToAssign>
    <csvassignedPrincipal></csvassignedPrincipal>
  </csvRoleHolder>
  <csvWTAclEntry handler="wt.lifecycle.LoadLifeCycle.createWTAclEntry">
    <csvrole>REVIEWER</csvrole>
    <csvpermission>0</csvpermission>
  </csvWTAclEntry>
  <csvPhaseTemplateEnd handler="wt.lifecycle.LoadLifeCycle.createPhaseTemplateEnd"></csvPhaseTemplateEnd>
  <csvPhaseTemplateBegin handler="wt.lifecycle.LoadLifeCycle.createPhaseTemplateBegin">
    <csvname>Plane Shop Completed</csvname>
    <csvphaseState>MNG_PLANE_SHOP_COMPLETED</csvphaseState>
    <csvphaseWorkflow>Submit</csvphaseWorkflow>
    <csvgateWorkflow>Review</csvgateWorkflow>
    <csvseriesSelector></csvseriesSelector>
  </csvPhaseTemplateBegin>
  <csvRoleHolder handler="wt.project.LoadProject.createRoleHolder">
    <csvroleToAssign>REVIEWER</csvroleToAssign>
    <csvassignedPrincipal></csvassignedPrincipal>
  </csvRoleHolder>
  <csvWTAclEntry handler="wt.lifecycle.LoadLifeCycle.createWTAclEntry">
    <csvrole>REVIEWER</csvrole>
    <csvpermission>0</csvpermission>
  </csvWTAclEntry>
  <csvPhaseTemplateEnd handler="wt.lifecycle.LoadLifeCycle.createPhaseTemplateEnd"></csvPhaseTemplateEnd>
  <csvPhaseTemplateBegin handler="wt.lifecycle.LoadLifeCycle.createPhaseTemplateBegin">
    <csvname>Trade capacity determined</csvname>
    <csvphaseState>MNG_TRADE_CAPACITY_DETERMINED</csvphaseState>
    <csvphaseWorkflow>Submit</csvphaseWorkflow>
    <csvgateWorkflow>Review</csvgateWorkflow>
    <csvseriesSelector></csvseriesSelector>
  </csvPhaseTemplateBegin>
  <csvRoleHolder handler="wt.project.LoadProject.createRoleHolder">
    <csvroleToAssign>REVIEWER</csvroleToAssign>
    <csvassignedPrincipal></csvassignedPrincipal>
  </csvRoleHolder>
  <csvWTAclEntry handler="wt.lifecycle.LoadLifeCycle.createWTAclEntry">
    <csvrole>REVIEWER</csvrole>
    <csvpermission>0</csvpermission>
  </csvWTAclEntry>
  <csvPhaseTemplateEnd handler="wt.lifecycle.LoadLifeCycle.createPhaseTemplateEnd"></csvPhaseTemplateEnd>
  <csvPhaseTemplateBegin handler="wt.lifecycle.LoadLifeCycle.createPhaseTemplateBegin">
    <csvname>Project Delivery</csvname>
    <csvphaseState>MNG_PROJECT_DELIVERY</csvphaseState>
    <csvphaseWorkflow>Submit</csvphaseWorkflow>
    <csvgateWorkflow>Review</csvgateWorkflow>
    <csvseriesSelector></csvseriesSelector>
  </csvPhaseTemplateBegin>
  <csvRoleHolder handler="wt.project.LoadProject.createRoleHolder">
    <csvroleToAssign>REVIEWER</csvroleToAssign>
    <csvassignedPrincipal></csvassignedPrincipal>
  </csvRoleHolder>
  <csvWTAclEntry handler="wt.lifecycle.LoadLifeCycle.createWTAclEntry">
    <csvrole>REVIEWER</csvrole>
    <csvpermission>0</csvpermission>
  </csvWTAclEntry>
  <csvPhaseTemplateEnd handler="wt.lifecycle.LoadLifeCycle.createPhaseTemplateEnd"></csvPhaseTemplateEnd>
  <csvPhaseTemplateBegin handler="wt.lifecycle.LoadLifeCycle.createPhaseTemplateBegin">
    <csvname>Materials Budget Request</csvname>
    <csvphaseState>MNG_MATERIALS_BUDGET_REQUEST</csvphaseState>
    <csvphaseWorkflow>Submit</csvphaseWorkflow>
    <csvgateWorkflow>Review</csvgateWorkflow>
    <csvseriesSelector></csvseriesSelector>
  </csvPhaseTemplateBegin>
  <csvRoleHolder handler="wt.project.LoadProject.createRoleHolder">
    <csvroleToAssign>REVIEWER</csvroleToAssign>
    <csvassignedPrincipal></csvassignedPrincipal>
  </csvRoleHolder>
  <csvWTAclEntry handler="wt.lifecycle.LoadLifeCycle.createWTAclEntry">
    <csvrole>REVIEWER</csvrole>
    <csvpermission>0</csvpermission>
  </csvWTAclEntry>
  <csvPhaseTemplateEnd handler="wt.lifecycle.LoadLifeCycle.createPhaseTemplateEnd"></csvPhaseTemplateEnd>
  <csvPhaseTemplateBegin handler="wt.lifecycle.LoadLifeCycle.createPhaseTemplateBegin">
    <csvname>Active Project</csvname>
    <csvphaseState>MNG_ACTIVE_PROJECT</csvphaseState>
    <csvphaseWorkflow>Submit</csvphaseWorkflow>
    <csvgateWorkflow>Review</csvgateWorkflow>
    <csvseriesSelector></csvseriesSelector>
  </csvPhaseTemplateBegin>
  <csvRoleHolder handler="wt.project.LoadProject.createRoleHolder">
    <csvroleToAssign>REVIEWER</csvroleToAssign>
    <csvassignedPrincipal></csvassignedPrincipal>
  </csvRoleHolder>
  <csvWTAclEntry handler="wt.lifecycle.LoadLifeCycle.createWTAclEntry">
    <csvrole>REVIEWER</csvrole>
    <csvpermission>0</csvpermission>
  </csvWTAclEntry>
  <csvPhaseTemplateEnd handler="wt.lifecycle.LoadLifeCycle.createPhaseTemplateEnd"></csvPhaseTemplateEnd>
  <csvPhaseTemplateBegin handler="wt.lifecycle.LoadLifeCycle.createPhaseTemplateBegin">
    <csvname>Making Materials Budget</csvname>
    <csvphaseState>MNG_MAKING_MATERIALS_BUDGET</csvphaseState>
    <csvphaseWorkflow>Submit</csvphaseWorkflow>
    <csvgateWorkflow>Review</csvgateWorkflow>
    <csvseriesSelector></csvseriesSelector>
  </csvPhaseTemplateBegin>
  <csvRoleHolder handler="wt.project.LoadProject.createRoleHolder">
    <csvroleToAssign>REVIEWER</csvroleToAssign>
    <csvassignedPrincipal></csvassignedPrincipal>
  </csvRoleHolder>
  <csvWTAclEntry handler="wt.lifecycle.LoadLifeCycle.createWTAclEntry">
    <csvrole>REVIEWER</csvrole>
    <csvpermission>0</csvpermission>
  </csvWTAclEntry>
  <csvPhaseTemplateEnd handler="wt.lifecycle.LoadLifeCycle.createPhaseTemplateEnd"></csvPhaseTemplateEnd>
  <csvPhaseTemplateBegin handler="wt.lifecycle.LoadLifeCycle.createPhaseTemplateBegin">
    <csvname>Approved Materials Budget</csvname>
    <csvphaseState>MNG_APPROVED_MATERIALS_BUDGET</csvphaseState>
    <csvphaseWorkflow>Submit</csvphaseWorkflow>
    <csvgateWorkflow>Review</csvgateWorkflow>
    <csvseriesSelector></csvseriesSelector>
  </csvPhaseTemplateBegin>
  <csvRoleHolder handler="wt.project.LoadProject.createRoleHolder">
    <csvroleToAssign>REVIEWER</csvroleToAssign>
    <csvassignedPrincipal></csvassignedPrincipal>
  </csvRoleHolder>
  <csvWTAclEntry handler="wt.lifecycle.LoadLifeCycle.createWTAclEntry">
    <csvrole>REVIEWER</csvrole>
    <csvpermission>0</csvpermission>
  </csvWTAclEntry>
  <csvPhaseTemplateEnd handler="wt.lifecycle.LoadLifeCycle.createPhaseTemplateEnd"></csvPhaseTemplateEnd>
  <csvPhaseTemplateBegin handler="wt.lifecycle.LoadLifeCycle.createPhaseTemplateBegin">
    <csvname>Materials Budget Included in W</csvname>
    <csvphaseState>MNG_MAT_BUDGET_INCLUDED_WORKS_BUDGET</csvphaseState>
    <csvphaseWorkflow>Submit</csvphaseWorkflow>
    <csvgateWorkflow>Review</csvgateWorkflow>
    <csvseriesSelector></csvseriesSelector>
  </csvPhaseTemplateBegin>
  <csvRoleHolder handler="wt.project.LoadProject.createRoleHolder">
    <csvroleToAssign>REVIEWER</csvroleToAssign>
    <csvassignedPrincipal></csvassignedPrincipal>
  </csvRoleHolder>
  <csvWTAclEntry handler="wt.lifecycle.LoadLifeCycle.createWTAclEntry">
    <csvrole>REVIEWER</csvrole>
    <csvpermission>0</csvpermission>
  </csvWTAclEntry>
  <csvPhaseTemplateEnd handler="wt.lifecycle.LoadLifeCycle.createPhaseTemplateEnd"></csvPhaseTemplateEnd>
  <csvPhaseTemplateBegin handler="wt.lifecycle.LoadLifeCycle.createPhaseTemplateBegin">
    <csvname>Engineering Project Completed</csvname>
    <csvphaseState>MNG_ENG_PROJECT_COMPLETED</csvphaseState>
    <csvphaseWorkflow>Submit</csvphaseWorkflow>
    <csvgateWorkflow>Review</csvgateWorkflow>
    <csvseriesSelector></csvseriesSelector>
  </csvPhaseTemplateBegin>
  <csvRoleHolder handler="wt.project.LoadProject.createRoleHolder">
    <csvroleToAssign>REVIEWER</csvroleToAssign>
    <csvassignedPrincipal></csvassignedPrincipal>
  </csvRoleHolder>
  <csvWTAclEntry handler="wt.lifecycle.LoadLifeCycle.createWTAclEntry">
    <csvrole>REVIEWER</csvrole>
    <csvpermission>0</csvpermission>
  </csvWTAclEntry>
  <csvPhaseTemplateEnd handler="wt.lifecycle.LoadLifeCycle.createPhaseTemplateEnd"></csvPhaseTemplateEnd>
  <csvPhaseTemplateBegin handler="wt.lifecycle.LoadLifeCycle.createPhaseTemplateBegin">
    <csvname>Construction Budgets Request</csvname>
    <csvphaseState>MNG_CONSTRUCTION_BUDGETS_REQUEST</csvphaseState>
    <csvphaseWorkflow>Submit</csvphaseWorkflow>
    <csvgateWorkflow>Review</csvgateWorkflow>
    <csvseriesSelector></csvseriesSelector>
  </csvPhaseTemplateBegin>
  <csvRoleHolder handler="wt.project.LoadProject.createRoleHolder">
    <csvroleToAssign>REVIEWER</csvroleToAssign>
    <csvassignedPrincipal></csvassignedPrincipal>
  </csvRoleHolder>
  <csvWTAclEntry handler="wt.lifecycle.LoadLifeCycle.createWTAclEntry">
    <csvrole>REVIEWER</csvrole>
    <csvpermission>0</csvpermission>
  </csvWTAclEntry>
  <csvPhaseTemplateEnd handler="wt.lifecycle.LoadLifeCycle.createPhaseTemplateEnd"></csvPhaseTemplateEnd>
  <csvPhaseTemplateBegin handler="wt.lifecycle.LoadLifeCycle.createPhaseTemplateBegin">
    <csvname>Construction Budgets Received</csvname>
    <csvphaseState>MNG_CONSTUCTION_BUDGETS_RECEIVED</csvphaseState>
    <csvphaseWorkflow>Submit</csvphaseWorkflow>
    <csvgateWorkflow>Review</csvgateWorkflow>
    <csvseriesSelector></csvseriesSelector>
  </csvPhaseTemplateBegin>
  <csvRoleHolder handler="wt.project.LoadProject.createRoleHolder">
    <csvroleToAssign>REVIEWER</csvroleToAssign>
    <csvassignedPrincipal></csvassignedPrincipal>
  </csvRoleHolder>
  <csvWTAclEntry handler="wt.lifecycle.LoadLifeCycle.createWTAclEntry">
    <csvrole>REVIEWER</csvrole>
    <csvpermission>0</csvpermission>
  </csvWTAclEntry>
  <csvPhaseTemplateEnd handler="wt.lifecycle.LoadLifeCycle.createPhaseTemplateEnd"></csvPhaseTemplateEnd>
  <csvPhaseTemplateBegin handler="wt.lifecycle.LoadLifeCycle.createPhaseTemplateBegin">
    <csvname>Budget Work Approved</csvname>
    <csvphaseState>MNG_BUDGET_WORK_APPROVED</csvphaseState>
    <csvphaseWorkflow>Submit</csvphaseWorkflow>
    <csvgateWorkflow>Review</csvgateWorkflow>
    <csvseriesSelector></csvseriesSelector>
  </csvPhaseTemplateBegin>
  <csvRoleHolder handler="wt.project.LoadProject.createRoleHolder">
    <csvroleToAssign>REVIEWER</csvroleToAssign>
    <csvassignedPrincipal></csvassignedPrincipal>
  </csvRoleHolder>
  <csvWTAclEntry handler="wt.lifecycle.LoadLifeCycle.createWTAclEntry">
    <csvrole>REVIEWER</csvrole>
    <csvpermission>0</csvpermission>
  </csvWTAclEntry>
  <csvPhaseTemplateEnd handler="wt.lifecycle.LoadLifeCycle.createPhaseTemplateEnd"></csvPhaseTemplateEnd>
  <csvPhaseTemplateBegin handler="wt.lifecycle.LoadLifeCycle.createPhaseTemplateBegin">
    <csvname>Planning Work Requested</csvname>
    <csvphaseState>MNG_PLANNING_WORK_REQUESTED</csvphaseState>
    <csvphaseWorkflow>Submit</csvphaseWorkflow>
    <csvgateWorkflow>Review</csvgateWorkflow>
    <csvseriesSelector></csvseriesSelector>
  </csvPhaseTemplateBegin>
  <csvRoleHolder handler="wt.project.LoadProject.createRoleHolder">
    <csvroleToAssign>REVIEWER</csvroleToAssign>
    <csvassignedPrincipal></csvassignedPrincipal>
  </csvRoleHolder>
  <csvWTAclEntry handler="wt.lifecycle.LoadLifeCycle.createWTAclEntry">
    <csvrole>REVIEWER</csvrole>
    <csvpermission>0</csvpermission>
  </csvWTAclEntry>
  <csvPhaseTemplateEnd handler="wt.lifecycle.LoadLifeCycle.createPhaseTemplateEnd"></csvPhaseTemplateEnd>
  <csvPhaseTemplateBegin handler="wt.lifecycle.LoadLifeCycle.createPhaseTemplateBegin">
    <csvname>Planning Work Received</csvname>
    <csvphaseState>MNG_PLANNING_WORK_RECEIVED</csvphaseState>
    <csvphaseWorkflow>Submit</csvphaseWorkflow>
    <csvgateWorkflow>Review</csvgateWorkflow>
    <csvseriesSelector></csvseriesSelector>
  </csvPhaseTemplateBegin>
  <csvRoleHolder handler="wt.project.LoadProject.createRoleHolder">
    <csvroleToAssign>REVIEWER</csvroleToAssign>
    <csvassignedPrincipal></csvassignedPrincipal>
  </csvRoleHolder>
  <csvWTAclEntry handler="wt.lifecycle.LoadLifeCycle.createWTAclEntry">
    <csvrole>REVIEWER</csvrole>
    <csvpermission>0</csvpermission>
  </csvWTAclEntry>
  <csvPhaseTemplateEnd handler="wt.lifecycle.LoadLifeCycle.createPhaseTemplateEnd"></csvPhaseTemplateEnd>
  <csvPhaseTemplateBegin handler="wt.lifecycle.LoadLifeCycle.createPhaseTemplateBegin">
    <csvname>Contract Sent to Construction</csvname>
    <csvphaseState>CONTRACT_SENT_CONSTRUCTION</csvphaseState>
    <csvphaseWorkflow>Submit</csvphaseWorkflow>
    <csvgateWorkflow>Review</csvgateWorkflow>
    <csvseriesSelector></csvseriesSelector>
  </csvPhaseTemplateBegin>
  <csvRoleHolder handler="wt.project.LoadProject.createRoleHolder">
    <csvroleToAssign>REVIEWER</csvroleToAssign>
    <csvassignedPrincipal></csvassignedPrincipal>
  </csvRoleHolder>
  <csvWTAclEntry handler="wt.lifecycle.LoadLifeCycle.createWTAclEntry">
    <csvrole>REVIEWER</csvrole>
    <csvpermission>0</csvpermission>
  </csvWTAclEntry>
  <csvPhaseTemplateEnd handler="wt.lifecycle.LoadLifeCycle.createPhaseTemplateEnd"></csvPhaseTemplateEnd>
  <csvPhaseTemplateBegin handler="wt.lifecycle.LoadLifeCycle.createPhaseTemplateBegin">
    <csvname>Received Contract Signed by Co</csvname>
    <csvphaseState>MNG_RECEIVED_CONTRACT_CONSTRUCTION</csvphaseState>
    <csvphaseWorkflow>Submit</csvphaseWorkflow>
    <csvgateWorkflow>Review</csvgateWorkflow>
    <csvseriesSelector></csvseriesSelector>
  </csvPhaseTemplateBegin>
  <csvRoleHolder handler="wt.project.LoadProject.createRoleHolder">
    <csvroleToAssign>REVIEWER</csvroleToAssign>
    <csvassignedPrincipal></csvassignedPrincipal>
  </csvRoleHolder>
  <csvWTAclEntry handler="wt.lifecycle.LoadLifeCycle.createWTAclEntry">
    <csvrole>REVIEWER</csvrole>
    <csvpermission>0</csvpermission>
  </csvWTAclEntry>
  <csvPhaseTemplateEnd handler="wt.lifecycle.LoadLifeCycle.createPhaseTemplateEnd"></csvPhaseTemplateEnd>
  <csvPhaseTemplateBegin handler="wt.lifecycle.LoadLifeCycle.createPhaseTemplateBegin">
    <csvname>Made Orders to Supplier</csvname>
    <csvphaseState>MNG_MADE_ORDERS_SUPPLIER</csvphaseState>
    <csvphaseWorkflow>Submit</csvphaseWorkflow>
    <csvgateWorkflow>Review</csvgateWorkflow>
    <csvseriesSelector></csvseriesSelector>
  </csvPhaseTemplateBegin>
  <csvRoleHolder handler="wt.project.LoadProject.createRoleHolder">
    <csvroleToAssign>REVIEWER</csvroleToAssign>
    <csvassignedPrincipal></csvassignedPrincipal>
  </csvRoleHolder>
  <csvWTAclEntry handler="wt.lifecycle.LoadLifeCycle.createWTAclEntry">
    <csvrole>REVIEWER</csvrole>
    <csvpermission>0</csvpermission>
  </csvWTAclEntry>
  <csvPhaseTemplateEnd handler="wt.lifecycle.LoadLifeCycle.createPhaseTemplateEnd"></csvPhaseTemplateEnd>
  <csvPhaseTemplateBegin handler="wt.lifecycle.LoadLifeCycle.createPhaseTemplateBegin">
    <csvname>Requested Timming</csvname>
    <csvphaseState>MNG_REQUESTED_TIMMING</csvphaseState>
    <csvphaseWorkflow>Submit</csvphaseWorkflow>
    <csvgateWorkflow>Review</csvgateWorkflow>
    <csvseriesSelector></csvseriesSelector>
  </csvPhaseTemplateBegin>
  <csvRoleHolder handler="wt.project.LoadProject.createRoleHolder">
    <csvroleToAssign>REVIEWER</csvroleToAssign>
    <csvassignedPrincipal></csvassignedPrincipal>
  </csvRoleHolder>
  <csvWTAclEntry handler="wt.lifecycle.LoadLifeCycle.createWTAclEntry">
    <csvrole>REVIEWER</csvrole>
    <csvpermission>0</csvpermission>
  </csvWTAclEntry>
  <csvPhaseTemplateEnd handler="wt.lifecycle.LoadLifeCycle.createPhaseTemplateEnd"></csvPhaseTemplateEnd>
  <csvPhaseTemplateBegin handler="wt.lifecycle.LoadLifeCycle.createPhaseTemplateBegin">
    <csvname>Timming Confirmed</csvname>
    <csvphaseState>MNG_TIMMING_CONFIRMED</csvphaseState>
    <csvphaseWorkflow>Submit</csvphaseWorkflow>
    <csvgateWorkflow>Review</csvgateWorkflow>
    <csvseriesSelector></csvseriesSelector>
  </csvPhaseTemplateBegin>
  <csvRoleHolder handler="wt.project.LoadProject.createRoleHolder">
    <csvroleToAssign>REVIEWER</csvroleToAssign>
    <csvassignedPrincipal></csvassignedPrincipal>
  </csvRoleHolder>
  <csvWTAclEntry handler="wt.lifecycle.LoadLifeCycle.createWTAclEntry">
    <csvrole>REVIEWER</csvrole>
    <csvpermission>0</csvpermission>
  </csvWTAclEntry>
  <csvPhaseTemplateEnd handler="wt.lifecycle.LoadLifeCycle.createPhaseTemplateEnd"></csvPhaseTemplateEnd>
  <csvPhaseTemplateBegin handler="wt.lifecycle.LoadLifeCycle.createPhaseTemplateBegin">
    <csvname>Coordinated Shipments</csvname>
    <csvphaseState>MNG_COORDINATED_SHIPMENTS</csvphaseState>
    <csvphaseWorkflow>Submit</csvphaseWorkflow>
    <csvgateWorkflow>Review</csvgateWorkflow>
    <csvseriesSelector></csvseriesSelector>
  </csvPhaseTemplateBegin>
  <csvRoleHolder handler="wt.project.LoadProject.createRoleHolder">
    <csvroleToAssign>REVIEWER</csvroleToAssign>
    <csvassignedPrincipal></csvassignedPrincipal>
  </csvRoleHolder>
  <csvWTAclEntry handler="wt.lifecycle.LoadLifeCycle.createWTAclEntry">
    <csvrole>REVIEWER</csvrole>
    <csvpermission>0</csvpermission>
  </csvWTAclEntry>
  <csvPhaseTemplateEnd handler="wt.lifecycle.LoadLifeCycle.createPhaseTemplateEnd"></csvPhaseTemplateEnd>
  <csvPhaseTemplateBegin handler="wt.lifecycle.LoadLifeCycle.createPhaseTemplateBegin">
    <csvname>Goods Shipped</csvname>
    <csvphaseState>MNG_GOODS_SHIPPED</csvphaseState>
    <csvphaseWorkflow>Submit</csvphaseWorkflow>
    <csvgateWorkflow>Review</csvgateWorkflow>
    <csvseriesSelector></csvseriesSelector>
  </csvPhaseTemplateBegin>
  <csvRoleHolder handler="wt.project.LoadProject.createRoleHolder">
    <csvroleToAssign>REVIEWER</csvroleToAssign>
    <csvassignedPrincipal></csvassignedPrincipal>
  </csvRoleHolder>
  <csvWTAclEntry handler="wt.lifecycle.LoadLifeCycle.createWTAclEntry">
    <csvrole>REVIEWER</csvrole>
    <csvpermission>0</csvpermission>
  </csvWTAclEntry>
  <csvPhaseTemplateEnd handler="wt.lifecycle.LoadLifeCycle.createPhaseTemplateEnd"></csvPhaseTemplateEnd>
  <csvPhaseTemplateBegin handler="wt.lifecycle.LoadLifeCycle.createPhaseTemplateBegin">
    <csvname>Goods received</csvname>
    <csvphaseState>MNG_GOODS_RECEIVED</csvphaseState>
    <csvphaseWorkflow>Submit</csvphaseWorkflow>
    <csvgateWorkflow>Review</csvgateWorkflow>
    <csvseriesSelector></csvseriesSelector>
  </csvPhaseTemplateBegin>
  <csvRoleHolder handler="wt.project.LoadProject.createRoleHolder">
    <csvroleToAssign>REVIEWER</csvroleToAssign>
    <csvassignedPrincipal></csvassignedPrincipal>
  </csvRoleHolder>
  <csvWTAclEntry handler="wt.lifecycle.LoadLifeCycle.createWTAclEntry">
    <csvrole>REVIEWER</csvrole>
    <csvpermission>0</csvpermission>
  </csvWTAclEntry>
  <csvPhaseTemplateEnd handler="wt.lifecycle.LoadLifeCycle.createPhaseTemplateEnd"></csvPhaseTemplateEnd>
  <csvPhaseTemplateBegin handler="wt.lifecycle.LoadLifeCycle.createPhaseTemplateBegin">
    <csvname>Start Work</csvname>
    <csvphaseState>MNG_START_WORK</csvphaseState>
    <csvphaseWorkflow>Submit</csvphaseWorkflow>
    <csvgateWorkflow>Review</csvgateWorkflow>
    <csvseriesSelector></csvseriesSelector>
  </csvPhaseTemplateBegin>
  <csvRoleHolder handler="wt.project.LoadProject.createRoleHolder">
    <csvroleToAssign>REVIEWER</csvroleToAssign>
    <csvassignedPrincipal></csvassignedPrincipal>
  </csvRoleHolder>
  <csvWTAclEntry handler="wt.lifecycle.LoadLifeCycle.createWTAclEntry">
    <csvrole>REVIEWER</csvrole>
    <csvpermission>0</csvpermission>
  </csvWTAclEntry>
  <csvPhaseTemplateEnd handler="wt.lifecycle.LoadLifeCycle.createPhaseTemplateEnd"></csvPhaseTemplateEnd>
  <csvPhaseTemplateBegin handler="wt.lifecycle.LoadLifeCycle.createPhaseTemplateBegin">
    <csvname>Modifications to Shop</csvname>
    <csvphaseState>MNG_MODIF_SHOP</csvphaseState>
    <csvphaseWorkflow>Submit</csvphaseWorkflow>
    <csvgateWorkflow>Review</csvgateWorkflow>
    <csvseriesSelector></csvseriesSelector>
  </csvPhaseTemplateBegin>
  <csvRoleHolder handler="wt.project.LoadProject.createRoleHolder">
    <csvroleToAssign>REVIEWER</csvroleToAssign>
    <csvassignedPrincipal></csvassignedPrincipal>
  </csvRoleHolder>
  <csvWTAclEntry handler="wt.lifecycle.LoadLifeCycle.createWTAclEntry">
    <csvrole>REVIEWER</csvrole>
    <csvpermission>0</csvpermission>
  </csvWTAclEntry>
  <csvPhaseTemplateEnd handler="wt.lifecycle.LoadLifeCycle.createPhaseTemplateEnd"></csvPhaseTemplateEnd>
  <csvPhaseTemplateBegin handler="wt.lifecycle.LoadLifeCycle.createPhaseTemplateBegin">
    <csvname>Planned Shipping Furniture</csvname>
    <csvphaseState>MNG_PLANNED_SHIPPING_FURNITURE</csvphaseState>
    <csvphaseWorkflow>Submit</csvphaseWorkflow>
    <csvgateWorkflow>Review</csvgateWorkflow>
    <csvseriesSelector></csvseriesSelector>
  </csvPhaseTemplateBegin>
  <csvRoleHolder handler="wt.project.LoadProject.createRoleHolder">
    <csvroleToAssign>REVIEWER</csvroleToAssign>
    <csvassignedPrincipal></csvassignedPrincipal>
  </csvRoleHolder>
  <csvWTAclEntry handler="wt.lifecycle.LoadLifeCycle.createWTAclEntry">
    <csvrole>REVIEWER</csvrole>
    <csvpermission>0</csvpermission>
  </csvWTAclEntry>
  <csvPhaseTemplateEnd handler="wt.lifecycle.LoadLifeCycle.createPhaseTemplateEnd"></csvPhaseTemplateEnd>
  <csvPhaseTemplateBegin handler="wt.lifecycle.LoadLifeCycle.createPhaseTemplateBegin">
    <csvname>Complete Work</csvname>
    <csvphaseState>MNG_COMPLETE_WORK</csvphaseState>
    <csvphaseWorkflow>Submit</csvphaseWorkflow>
    <csvgateWorkflow>Review</csvgateWorkflow>
    <csvseriesSelector></csvseriesSelector>
  </csvPhaseTemplateBegin>
  <csvRoleHolder handler="wt.project.LoadProject.createRoleHolder">
    <csvroleToAssign>REVIEWER</csvroleToAssign>
    <csvassignedPrincipal></csvassignedPrincipal>
  </csvRoleHolder>
  <csvWTAclEntry handler="wt.lifecycle.LoadLifeCycle.createWTAclEntry">
    <csvrole>REVIEWER</csvrole>
    <csvpermission>0</csvpermission>
  </csvWTAclEntry>
  <csvPhaseTemplateEnd handler="wt.lifecycle.LoadLifeCycle.createPhaseTemplateEnd"></csvPhaseTemplateEnd>
  <csvPhaseTemplateBegin handler="wt.lifecycle.LoadLifeCycle.createPhaseTemplateBegin">
    <csvname>Validated Work</csvname>
    <csvphaseState>MNG_VALIDATED_WORK</csvphaseState>
    <csvphaseWorkflow>Submit</csvphaseWorkflow>
    <csvgateWorkflow>Review</csvgateWorkflow>
    <csvseriesSelector></csvseriesSelector>
  </csvPhaseTemplateBegin>
  <csvRoleHolder handler="wt.project.LoadProject.createRoleHolder">
    <csvroleToAssign>REVIEWER</csvroleToAssign>
    <csvassignedPrincipal></csvassignedPrincipal>
  </csvRoleHolder>
  <csvWTAclEntry handler="wt.lifecycle.LoadLifeCycle.createWTAclEntry">
    <csvrole>REVIEWER</csvrole>
    <csvpermission>0</csvpermission>
  </csvWTAclEntry>
  <csvPhaseTemplateEnd handler="wt.lifecycle.LoadLifeCycle.createPhaseTemplateEnd"></csvPhaseTemplateEnd>
  <csvPhaseTemplateBegin handler="wt.lifecycle.LoadLifeCycle.createPhaseTemplateBegin">
    <csvname>Documentation Work Sent</csvname>
    <csvphaseState>MNG_DOC_WORK_SENT</csvphaseState>
    <csvphaseWorkflow>Submit</csvphaseWorkflow>
    <csvgateWorkflow>Review</csvgateWorkflow>
    <csvseriesSelector></csvseriesSelector>
  </csvPhaseTemplateBegin>
  <csvRoleHolder handler="wt.project.LoadProject.createRoleHolder">
    <csvroleToAssign>REVIEWER</csvroleToAssign>
    <csvassignedPrincipal></csvassignedPrincipal>
  </csvRoleHolder>
  <csvWTAclEntry handler="wt.lifecycle.LoadLifeCycle.createWTAclEntry">
    <csvrole>REVIEWER</csvrole>
    <csvpermission>0</csvpermission>
  </csvWTAclEntry>
  <csvPhaseTemplateEnd handler="wt.lifecycle.LoadLifeCycle.createPhaseTemplateEnd"></csvPhaseTemplateEnd>
  <csvPhaseTemplateBegin handler="wt.lifecycle.LoadLifeCycle.createPhaseTemplateBegin">
    <csvname>Assembly Shop Started</csvname>
    <csvphaseState>MNG_ASSEMBLY_SHOP_STARTED</csvphaseState>
    <csvphaseWorkflow>Submit</csvphaseWorkflow>
    <csvgateWorkflow>Review</csvgateWorkflow>
    <csvseriesSelector></csvseriesSelector>
  </csvPhaseTemplateBegin>
  <csvRoleHolder handler="wt.project.LoadProject.createRoleHolder">
    <csvroleToAssign>REVIEWER</csvroleToAssign>
    <csvassignedPrincipal></csvassignedPrincipal>
  </csvRoleHolder>
  <csvWTAclEntry handler="wt.lifecycle.LoadLifeCycle.createWTAclEntry">
    <csvrole>REVIEWER</csvrole>
    <csvpermission>0</csvpermission>
  </csvWTAclEntry>
  <csvPhaseTemplateEnd handler="wt.lifecycle.LoadLifeCycle.createPhaseTemplateEnd"></csvPhaseTemplateEnd>
  <csvPhaseTemplateBegin handler="wt.lifecycle.LoadLifeCycle.createPhaseTemplateBegin">
    <csvname>Shop Inaugurated</csvname>
    <csvphaseState>MNG_SHOP_INAUGURATED</csvphaseState>
    <csvphaseWorkflow>Submit</csvphaseWorkflow>
    <csvgateWorkflow></csvgateWorkflow>
    <csvseriesSelector></csvseriesSelector>
  </csvPhaseTemplateBegin>
  <csvRoleHolder handler="wt.project.LoadProject.createRoleHolder">
    <csvroleToAssign>REVIEWER</csvroleToAssign>
    <csvassignedPrincipal></csvassignedPrincipal>
  </csvRoleHolder>
  <csvWTAclEntry handler="wt.lifecycle.LoadLifeCycle.createWTAclEntry">
    <csvrole>REVIEWER</csvrole>
    <csvpermission>0</csvpermission>
  </csvWTAclEntry>
  <csvPhaseTemplateEnd handler="wt.lifecycle.LoadLifeCycle.createPhaseTemplateEnd"></csvPhaseTemplateEnd>
  <csvPhaseSuccessionBegin handler="wt.lifecycle.LoadLifeCycle.createPhaseSuccessionBegin">
    <csvlifeCycleName>MNG_Propias</csvlifeCycleName>
    <csvpredecessorPhaseState>MNG_START</csvpredecessorPhaseState>
    <csvsuccessorPhaseState>MNG_RECEIVING_OFFERS</csvsuccessorPhaseState>
    <csvphaseTransition>NEXT</csvphaseTransition>
  </csvPhaseSuccessionBegin>
  <csvPhaseSuccessionBegin handler="wt.lifecycle.LoadLifeCycle.createPhaseSuccessionBegin">
    <csvlifeCycleName>MNG_Propias</csvlifeCycleName>
    <csvpredecessorPhaseState>MNG_START</csvpredecessorPhaseState>
    <csvsuccessorPhaseState>MNG_START</csvsuccessorPhaseState>
    <csvphaseTransition>PROMOTE</csvphaseTransition>
  </csvPhaseSuccessionBegin>
  <csvPhaseSuccessionBegin handler="wt.lifecycle.LoadLifeCycle.createPhaseSuccessionBegin">
    <csvlifeCycleName>MNG_Propias</csvlifeCycleName>
    <csvpredecessorPhaseState>MNG_START</csvpredecessorPhaseState>
    <csvsuccessorPhaseState>MNG_RECEIVING_OFFERS</csvsuccessorPhaseState>
    <csvphaseTransition>PROMOTE</csvphaseTransition>
  </csvPhaseSuccessionBegin>
  <csvPhaseSuccessionBegin handler="wt.lifecycle.LoadLifeCycle.createPhaseSuccessionBegin">
    <csvlifeCycleName>MNG_Propias</csvlifeCycleName>
    <csvpredecessorPhaseState>MNG_START</csvpredecessorPhaseState>
    <csvsuccessorPhaseState>MNG_PREVIOUS_STUDY_REQUEST</csvsuccessorPhaseState>
    <csvphaseTransition>PROMOTE</csvphaseTransition>
  </csvPhaseSuccessionBegin>
  <csvPhaseSuccessionBegin handler="wt.lifecycle.LoadLifeCycle.createPhaseSuccessionBegin">
    <csvlifeCycleName>MNG_Propias</csvlifeCycleName>
    <csvpredecessorPhaseState>MNG_START</csvpredecessorPhaseState>
    <csvsuccessorPhaseState>MNG_START</csvsuccessorPhaseState>
    <csvphaseTransition>REVISE</csvphaseTransition>
  </csvPhaseSuccessionBegin>
  <csvPhaseSuccessionBegin handler="wt.lifecycle.LoadLifeCycle.createPhaseSuccessionBegin">
    <csvlifeCycleName>MNG_Propias</csvlifeCycleName>
    <csvpredecessorPhaseState>MNG_RECEIVING_OFFERS</csvpredecessorPhaseState>
    <csvsuccessorPhaseState>MNG_PREVIOUS_STUDY_REQUEST</csvsuccessorPhaseState>
    <csvphaseTransition>NEXT</csvphaseTransition>
  </csvPhaseSuccessionBegin>
  <csvPhaseSuccessionBegin handler="wt.lifecycle.LoadLifeCycle.createPhaseSuccessionBegin">
    <csvlifeCycleName>MNG_Propias</csvlifeCycleName>
    <csvpredecessorPhaseState>MNG_RECEIVING_OFFERS</csvpredecessorPhaseState>
    <csvsuccessorPhaseState>MNG_START</csvsuccessorPhaseState>
    <csvphaseTransition>PROMOTE</csvphaseTransition>
  </csvPhaseSuccessionBegin>
  <csvPhaseSuccessionBegin handler="wt.lifecycle.LoadLifeCycle.createPhaseSuccessionBegin">
    <csvlifeCycleName>MNG_Propias</csvlifeCycleName>
    <csvpredecessorPhaseState>MNG_RECEIVING_OFFERS</csvpredecessorPhaseState>
    <csvsuccessorPhaseState>MNG_RECEIVING_OFFERS</csvsuccessorPhaseState>
    <csvphaseTransition>PROMOTE</csvphaseTransition>
  </csvPhaseSuccessionBegin>
  <csvPhaseSuccessionBegin handler="wt.lifecycle.LoadLifeCycle.createPhaseSuccessionBegin">
    <csvlifeCycleName>MNG_Propias</csvlifeCycleName>
    <csvpredecessorPhaseState>MNG_RECEIVING_OFFERS</csvpredecessorPhaseState>
    <csvsuccessorPhaseState>MNG_PREVIOUS_STUDY_REQUEST</csvsuccessorPhaseState>
    <csvphaseTransition>PROMOTE</csvphaseTransition>
  </csvPhaseSuccessionBegin>
  <csvPhaseSuccessionBegin handler="wt.lifecycle.LoadLifeCycle.createPhaseSuccessionBegin">
    <csvlifeCycleName>MNG_Propias</csvlifeCycleName>
    <csvpredecessorPhaseState>MNG_RECEIVING_OFFERS</csvpredecessorPhaseState>
    <csvsuccessorPhaseState>MNG_START</csvsuccessorPhaseState>
    <csvphaseTransition>REVISE</csvphaseTransition>
  </csvPhaseSuccessionBegin>
  <csvPhaseSuccessionBegin handler="wt.lifecycle.LoadLifeCycle.createPhaseSuccessionBegin">
    <csvlifeCycleName>MNG_Propias</csvlifeCycleName>
    <csvpredecessorPhaseState>MNG_PREVIOUS_STUDY_REQUEST</csvpredecessorPhaseState>
    <csvsuccessorPhaseState>MNG_UNDER_NEGOTIATION</csvsuccessorPhaseState>
    <csvphaseTransition>NEXT</csvphaseTransition>
  </csvPhaseSuccessionBegin>
  <csvPhaseSuccessionBegin handler="wt.lifecycle.LoadLifeCycle.createPhaseSuccessionBegin">
    <csvlifeCycleName>MNG_Propias</csvlifeCycleName>
    <csvpredecessorPhaseState>MNG_PREVIOUS_STUDY_REQUEST</csvpredecessorPhaseState>
    <csvsuccessorPhaseState>MNG_START</csvsuccessorPhaseState>
    <csvphaseTransition>PROMOTE</csvphaseTransition>
  </csvPhaseSuccessionBegin>
  <csvPhaseSuccessionBegin handler="wt.lifecycle.LoadLifeCycle.createPhaseSuccessionBegin">
    <csvlifeCycleName>MNG_Propias</csvlifeCycleName>
    <csvpredecessorPhaseState>MNG_PREVIOUS_STUDY_REQUEST</csvpredecessorPhaseState>
    <csvsuccessorPhaseState>MNG_RECEIVING_OFFERS</csvsuccessorPhaseState>
    <csvphaseTransition>PROMOTE</csvphaseTransition>
  </csvPhaseSuccessionBegin>
  <csvPhaseSuccessionBegin handler="wt.lifecycle.LoadLifeCycle.createPhaseSuccessionBegin">
    <csvlifeCycleName>MNG_Propias</csvlifeCycleName>
    <csvpredecessorPhaseState>MNG_PREVIOUS_STUDY_REQUEST</csvpredecessorPhaseState>
    <csvsuccessorPhaseState>MNG_PREVIOUS_STUDY_REQUEST</csvsuccessorPhaseState>
    <csvphaseTransition>PROMOTE</csvphaseTransition>
  </csvPhaseSuccessionBegin>
  <csvPhaseSuccessionBegin handler="wt.lifecycle.LoadLifeCycle.createPhaseSuccessionBegin">
    <csvlifeCycleName>MNG_Propias</csvlifeCycleName>
    <csvpredecessorPhaseState>MNG_PREVIOUS_STUDY_REQUEST</csvpredecessorPhaseState>
    <csvsuccessorPhaseState>MNG_START</csvsuccessorPhaseState>
    <csvphaseTransition>REVISE</csvphaseTransition>
  </csvPhaseSuccessionBegin>
  <csvPhaseSuccessionBegin handler="wt.lifecycle.LoadLifeCycle.createPhaseSuccessionBegin">
    <csvlifeCycleName>MNG_Propias</csvlifeCycleName>
    <csvpredecessorPhaseState>MNG_UNDER_NEGOTIATION</csvpredecessorPhaseState>
    <csvsuccessorPhaseState>MNG_PENDING_SIGNATURE</csvsuccessorPhaseState>
    <csvphaseTransition>NEXT</csvphaseTransition>
  </csvPhaseSuccessionBegin>
  <csvPhaseSuccessionBegin handler="wt.lifecycle.LoadLifeCycle.createPhaseSuccessionBegin">
    <csvlifeCycleName>MNG_Propias</csvlifeCycleName>
    <csvpredecessorPhaseState>MNG_PENDING_SIGNATURE</csvpredecessorPhaseState>
    <csvsuccessorPhaseState>MNG_CONTRACT_NEGOTIATION</csvsuccessorPhaseState>
    <csvphaseTransition>NEXT</csvphaseTransition>
  </csvPhaseSuccessionBegin>
  <csvPhaseSuccessionBegin handler="wt.lifecycle.LoadLifeCycle.createPhaseSuccessionBegin">
    <csvlifeCycleName>MNG_Propias</csvlifeCycleName>
    <csvpredecessorPhaseState>MNG_CONTRACT_NEGOTIATION</csvpredecessorPhaseState>
    <csvsuccessorPhaseState>MNG_SIGNED</csvsuccessorPhaseState>
    <csvphaseTransition>NEXT</csvphaseTransition>
  </csvPhaseSuccessionBegin>
  <csvPhaseSuccessionBegin handler="wt.lifecycle.LoadLifeCycle.createPhaseSuccessionBegin">
    <csvlifeCycleName>MNG_Propias</csvlifeCycleName>
    <csvpredecessorPhaseState>MNG_SIGNED</csvpredecessorPhaseState>
    <csvsuccessorPhaseState>MNG_SHOP_PROJECT</csvsuccessorPhaseState>
    <csvphaseTransition>NEXT</csvphaseTransition>
  </csvPhaseSuccessionBegin>
  <csvPhaseSuccessionBegin handler="wt.lifecycle.LoadLifeCycle.createPhaseSuccessionBegin">
    <csvlifeCycleName>MNG_Propias</csvlifeCycleName>
    <csvpredecessorPhaseState>MNG_SHOP_PROJECT</csvpredecessorPhaseState>
    <csvsuccessorPhaseState>UNDERREVIEW</csvsuccessorPhaseState>
    <csvphaseTransition>NEXT</csvphaseTransition>
  </csvPhaseSuccessionBegin>
  <csvPhaseSuccessionBegin handler="wt.lifecycle.LoadLifeCycle.createPhaseSuccessionBegin">
    <csvlifeCycleName>MNG_Propias</csvlifeCycleName>
    <csvpredecessorPhaseState>UNDERREVIEW</csvpredecessorPhaseState>
    <csvsuccessorPhaseState>MNG_SURVEYING_REQUESTED</csvsuccessorPhaseState>
    <csvphaseTransition>NEXT</csvphaseTransition>
  </csvPhaseSuccessionBegin>
  <csvPhaseSuccessionBegin handler="wt.lifecycle.LoadLifeCycle.createPhaseSuccessionBegin">
    <csvlifeCycleName>MNG_Propias</csvlifeCycleName>
    <csvpredecessorPhaseState>MNG_SURVEYING_REQUESTED</csvpredecessorPhaseState>
    <csvsuccessorPhaseState>MNG_SURVEYING_RECEPTION</csvsuccessorPhaseState>
    <csvphaseTransition>NEXT</csvphaseTransition>
  </csvPhaseSuccessionBegin>
  <csvPhaseSuccessionBegin handler="wt.lifecycle.LoadLifeCycle.createPhaseSuccessionBegin">
    <csvlifeCycleName>MNG_Propias</csvlifeCycleName>
    <csvpredecessorPhaseState>MNG_SURVEYING_RECEPTION</csvpredecessorPhaseState>
    <csvsuccessorPhaseState>MNG_INTERIOR_PUBLISHED</csvsuccessorPhaseState>
    <csvphaseTransition>NEXT</csvphaseTransition>
  </csvPhaseSuccessionBegin>
  <csvPhaseSuccessionBegin handler="wt.lifecycle.LoadLifeCycle.createPhaseSuccessionBegin">
    <csvlifeCycleName>MNG_Propias</csvlifeCycleName>
    <csvpredecessorPhaseState>MNG_INTERIOR_PUBLISHED</csvpredecessorPhaseState>
    <csvsuccessorPhaseState>MNG_INTERIOR_TEAM_ASSIGNED</csvsuccessorPhaseState>
    <csvphaseTransition>NEXT</csvphaseTransition>
  </csvPhaseSuccessionBegin>
  <csvPhaseSuccessionBegin handler="wt.lifecycle.LoadLifeCycle.createPhaseSuccessionBegin">
    <csvlifeCycleName>MNG_Propias</csvlifeCycleName>
    <csvpredecessorPhaseState>MNG_INTERIOR_TEAM_ASSIGNED</csvpredecessorPhaseState>
    <csvsuccessorPhaseState>MNG_START_INTERIOR_PROJECT</csvsuccessorPhaseState>
    <csvphaseTransition>NEXT</csvphaseTransition>
  </csvPhaseSuccessionBegin>
  <csvPhaseSuccessionBegin handler="wt.lifecycle.LoadLifeCycle.createPhaseSuccessionBegin">
    <csvlifeCycleName>MNG_Propias</csvlifeCycleName>
    <csvpredecessorPhaseState>MNG_START_INTERIOR_PROJECT</csvpredecessorPhaseState>
    <csvsuccessorPhaseState>MNG_DISTRIBUTION_PLANT_COMPLETE</csvsuccessorPhaseState>
    <csvphaseTransition>NEXT</csvphaseTransition>
  </csvPhaseSuccessionBegin>
  <csvPhaseSuccessionBegin handler="wt.lifecycle.LoadLifeCycle.createPhaseSuccessionBegin">
    <csvlifeCycleName>MNG_Propias</csvlifeCycleName>
    <csvpredecessorPhaseState>MNG_DISTRIBUTION_PLANT_COMPLETE</csvpredecessorPhaseState>
    <csvsuccessorPhaseState>MNG_VALIDATION_ARCHITECT_PLAN</csvsuccessorPhaseState>
    <csvphaseTransition>NEXT</csvphaseTransition>
  </csvPhaseSuccessionBegin>
  <csvPhaseSuccessionBegin handler="wt.lifecycle.LoadLifeCycle.createPhaseSuccessionBegin">
    <csvlifeCycleName>MNG_Propias</csvlifeCycleName>
    <csvpredecessorPhaseState>MNG_VALIDATION_ARCHITECT_PLAN</csvpredecessorPhaseState>
    <csvsuccessorPhaseState>MNG_ORDER_SENT_MATERIALS_MANAGEMENT</csvsuccessorPhaseState>
    <csvphaseTransition>NEXT</csvphaseTransition>
  </csvPhaseSuccessionBegin>
  <csvPhaseSuccessionBegin handler="wt.lifecycle.LoadLifeCycle.createPhaseSuccessionBegin">
    <csvlifeCycleName>MNG_Propias</csvlifeCycleName>
    <csvpredecessorPhaseState>MNG_ORDER_SENT_MATERIALS_MANAGEMENT</csvpredecessorPhaseState>
    <csvsuccessorPhaseState>MNG_PLANE_VALIDATIONS_PERFORMED</csvsuccessorPhaseState>
    <csvphaseTransition>NEXT</csvphaseTransition>
  </csvPhaseSuccessionBegin>
  <csvPhaseSuccessionBegin handler="wt.lifecycle.LoadLifeCycle.createPhaseSuccessionBegin">
    <csvlifeCycleName>MNG_Propias</csvlifeCycleName>
    <csvpredecessorPhaseState>MNG_PLANE_VALIDATIONS_PERFORMED</csvpredecessorPhaseState>
    <csvsuccessorPhaseState>MNG_PLANE_SHOP_COMPLETED</csvsuccessorPhaseState>
    <csvphaseTransition>NEXT</csvphaseTransition>
  </csvPhaseSuccessionBegin>
  <csvPhaseSuccessionBegin handler="wt.lifecycle.LoadLifeCycle.createPhaseSuccessionBegin">
    <csvlifeCycleName>MNG_Propias</csvlifeCycleName>
    <csvpredecessorPhaseState>MNG_PLANE_SHOP_COMPLETED</csvpredecessorPhaseState>
    <csvsuccessorPhaseState>MNG_TRADE_CAPACITY_DETERMINED</csvsuccessorPhaseState>
    <csvphaseTransition>NEXT</csvphaseTransition>
  </csvPhaseSuccessionBegin>
  <csvPhaseSuccessionBegin handler="wt.lifecycle.LoadLifeCycle.createPhaseSuccessionBegin">
    <csvlifeCycleName>MNG_Propias</csvlifeCycleName>
    <csvpredecessorPhaseState>MNG_TRADE_CAPACITY_DETERMINED</csvpredecessorPhaseState>
    <csvsuccessorPhaseState>MNG_PROJECT_DELIVERY</csvsuccessorPhaseState>
    <csvphaseTransition>NEXT</csvphaseTransition>
  </csvPhaseSuccessionBegin>
  <csvPhaseSuccessionBegin handler="wt.lifecycle.LoadLifeCycle.createPhaseSuccessionBegin">
    <csvlifeCycleName>MNG_Propias</csvlifeCycleName>
    <csvpredecessorPhaseState>MNG_PROJECT_DELIVERY</csvpredecessorPhaseState>
    <csvsuccessorPhaseState>MNG_MATERIALS_BUDGET_REQUEST</csvsuccessorPhaseState>
    <csvphaseTransition>NEXT</csvphaseTransition>
  </csvPhaseSuccessionBegin>
  <csvPhaseSuccessionBegin handler="wt.lifecycle.LoadLifeCycle.createPhaseSuccessionBegin">
    <csvlifeCycleName>MNG_Propias</csvlifeCycleName>
    <csvpredecessorPhaseState>MNG_MATERIALS_BUDGET_REQUEST</csvpredecessorPhaseState>
    <csvsuccessorPhaseState>MNG_ACTIVE_PROJECT</csvsuccessorPhaseState>
    <csvphaseTransition>NEXT</csvphaseTransition>
  </csvPhaseSuccessionBegin>
  <csvPhaseSuccessionBegin handler="wt.lifecycle.LoadLifeCycle.createPhaseSuccessionBegin">
    <csvlifeCycleName>MNG_Propias</csvlifeCycleName>
    <csvpredecessorPhaseState>MNG_ACTIVE_PROJECT</csvpredecessorPhaseState>
    <csvsuccessorPhaseState>MNG_MAKING_MATERIALS_BUDGET</csvsuccessorPhaseState>
    <csvphaseTransition>NEXT</csvphaseTransition>
  </csvPhaseSuccessionBegin>
  <csvPhaseSuccessionBegin handler="wt.lifecycle.LoadLifeCycle.createPhaseSuccessionBegin">
    <csvlifeCycleName>MNG_Propias</csvlifeCycleName>
    <csvpredecessorPhaseState>MNG_MAKING_MATERIALS_BUDGET</csvpredecessorPhaseState>
    <csvsuccessorPhaseState>MNG_APPROVED_MATERIALS_BUDGET</csvsuccessorPhaseState>
    <csvphaseTransition>NEXT</csvphaseTransition>
  </csvPhaseSuccessionBegin>
  <csvPhaseSuccessionBegin handler="wt.lifecycle.LoadLifeCycle.createPhaseSuccessionBegin">
    <csvlifeCycleName>MNG_Propias</csvlifeCycleName>
    <csvpredecessorPhaseState>MNG_APPROVED_MATERIALS_BUDGET</csvpredecessorPhaseState>
    <csvsuccessorPhaseState>MNG_MAT_BUDGET_INCLUDED_WORKS_BUDGET</csvsuccessorPhaseState>
    <csvphaseTransition>NEXT</csvphaseTransition>
  </csvPhaseSuccessionBegin>
  <csvPhaseSuccessionBegin handler="wt.lifecycle.LoadLifeCycle.createPhaseSuccessionBegin">
    <csvlifeCycleName>MNG_Propias</csvlifeCycleName>
    <csvpredecessorPhaseState>MNG_MAT_BUDGET_INCLUDED_WORKS_BUDGET</csvpredecessorPhaseState>
    <csvsuccessorPhaseState>MNG_ENG_PROJECT_COMPLETED</csvsuccessorPhaseState>
    <csvphaseTransition>NEXT</csvphaseTransition>
  </csvPhaseSuccessionBegin>
  <csvPhaseSuccessionBegin handler="wt.lifecycle.LoadLifeCycle.createPhaseSuccessionBegin">
    <csvlifeCycleName>MNG_Propias</csvlifeCycleName>
    <csvpredecessorPhaseState>MNG_ENG_PROJECT_COMPLETED</csvpredecessorPhaseState>
    <csvsuccessorPhaseState>MNG_CONSTRUCTION_BUDGETS_REQUEST</csvsuccessorPhaseState>
    <csvphaseTransition>NEXT</csvphaseTransition>
  </csvPhaseSuccessionBegin>
  <csvPhaseSuccessionBegin handler="wt.lifecycle.LoadLifeCycle.createPhaseSuccessionBegin">
    <csvlifeCycleName>MNG_Propias</csvlifeCycleName>
    <csvpredecessorPhaseState>MNG_CONSTRUCTION_BUDGETS_REQUEST</csvpredecessorPhaseState>
    <csvsuccessorPhaseState>MNG_CONSTUCTION_BUDGETS_RECEIVED</csvsuccessorPhaseState>
    <csvphaseTransition>NEXT</csvphaseTransition>
  </csvPhaseSuccessionBegin>
  <csvPhaseSuccessionBegin handler="wt.lifecycle.LoadLifeCycle.createPhaseSuccessionBegin">
    <csvlifeCycleName>MNG_Propias</csvlifeCycleName>
    <csvpredecessorPhaseState>MNG_CONSTUCTION_BUDGETS_RECEIVED</csvpredecessorPhaseState>
    <csvsuccessorPhaseState>MNG_BUDGET_WORK_APPROVED</csvsuccessorPhaseState>
    <csvphaseTransition>NEXT</csvphaseTransition>
  </csvPhaseSuccessionBegin>
  <csvPhaseSuccessionBegin handler="wt.lifecycle.LoadLifeCycle.createPhaseSuccessionBegin">
    <csvlifeCycleName>MNG_Propias</csvlifeCycleName>
    <csvpredecessorPhaseState>MNG_BUDGET_WORK_APPROVED</csvpredecessorPhaseState>
    <csvsuccessorPhaseState>MNG_PLANNING_WORK_REQUESTED</csvsuccessorPhaseState>
    <csvphaseTransition>NEXT</csvphaseTransition>
  </csvPhaseSuccessionBegin>
  <csvPhaseSuccessionBegin handler="wt.lifecycle.LoadLifeCycle.createPhaseSuccessionBegin">
    <csvlifeCycleName>MNG_Propias</csvlifeCycleName>
    <csvpredecessorPhaseState>MNG_PLANNING_WORK_REQUESTED</csvpredecessorPhaseState>
    <csvsuccessorPhaseState>MNG_PLANNING_WORK_RECEIVED</csvsuccessorPhaseState>
    <csvphaseTransition>NEXT</csvphaseTransition>
  </csvPhaseSuccessionBegin>
  <csvPhaseSuccessionBegin handler="wt.lifecycle.LoadLifeCycle.createPhaseSuccessionBegin">
    <csvlifeCycleName>MNG_Propias</csvlifeCycleName>
    <csvpredecessorPhaseState>MNG_PLANNING_WORK_RECEIVED</csvpredecessorPhaseState>
    <csvsuccessorPhaseState>CONTRACT_SENT_CONSTRUCTION</csvsuccessorPhaseState>
    <csvphaseTransition>NEXT</csvphaseTransition>
  </csvPhaseSuccessionBegin>
  <csvPhaseSuccessionBegin handler="wt.lifecycle.LoadLifeCycle.createPhaseSuccessionBegin">
    <csvlifeCycleName>MNG_Propias</csvlifeCycleName>
    <csvpredecessorPhaseState>CONTRACT_SENT_CONSTRUCTION</csvpredecessorPhaseState>
    <csvsuccessorPhaseState>MNG_RECEIVED_CONTRACT_CONSTRUCTION</csvsuccessorPhaseState>
    <csvphaseTransition>NEXT</csvphaseTransition>
  </csvPhaseSuccessionBegin>
  <csvPhaseSuccessionBegin handler="wt.lifecycle.LoadLifeCycle.createPhaseSuccessionBegin">
    <csvlifeCycleName>MNG_Propias</csvlifeCycleName>
    <csvpredecessorPhaseState>MNG_RECEIVED_CONTRACT_CONSTRUCTION</csvpredecessorPhaseState>
    <csvsuccessorPhaseState>MNG_MADE_ORDERS_SUPPLIER</csvsuccessorPhaseState>
    <csvphaseTransition>NEXT</csvphaseTransition>
  </csvPhaseSuccessionBegin>
  <csvPhaseSuccessionBegin handler="wt.lifecycle.LoadLifeCycle.createPhaseSuccessionBegin">
    <csvlifeCycleName>MNG_Propias</csvlifeCycleName>
    <csvpredecessorPhaseState>MNG_MADE_ORDERS_SUPPLIER</csvpredecessorPhaseState>
    <csvsuccessorPhaseState>MNG_REQUESTED_TIMMING</csvsuccessorPhaseState>
    <csvphaseTransition>NEXT</csvphaseTransition>
  </csvPhaseSuccessionBegin>
  <csvPhaseSuccessionBegin handler="wt.lifecycle.LoadLifeCycle.createPhaseSuccessionBegin">
    <csvlifeCycleName>MNG_Propias</csvlifeCycleName>
    <csvpredecessorPhaseState>MNG_REQUESTED_TIMMING</csvpredecessorPhaseState>
    <csvsuccessorPhaseState>MNG_TIMMING_CONFIRMED</csvsuccessorPhaseState>
    <csvphaseTransition>NEXT</csvphaseTransition>
  </csvPhaseSuccessionBegin>
  <csvPhaseSuccessionBegin handler="wt.lifecycle.LoadLifeCycle.createPhaseSuccessionBegin">
    <csvlifeCycleName>MNG_Propias</csvlifeCycleName>
    <csvpredecessorPhaseState>MNG_TIMMING_CONFIRMED</csvpredecessorPhaseState>
    <csvsuccessorPhaseState>MNG_COORDINATED_SHIPMENTS</csvsuccessorPhaseState>
    <csvphaseTransition>NEXT</csvphaseTransition>
  </csvPhaseSuccessionBegin>
  <csvPhaseSuccessionBegin handler="wt.lifecycle.LoadLifeCycle.createPhaseSuccessionBegin">
    <csvlifeCycleName>MNG_Propias</csvlifeCycleName>
    <csvpredecessorPhaseState>MNG_COORDINATED_SHIPMENTS</csvpredecessorPhaseState>
    <csvsuccessorPhaseState>MNG_GOODS_SHIPPED</csvsuccessorPhaseState>
    <csvphaseTransition>NEXT</csvphaseTransition>
  </csvPhaseSuccessionBegin>
  <csvPhaseSuccessionBegin handler="wt.lifecycle.LoadLifeCycle.createPhaseSuccessionBegin">
    <csvlifeCycleName>MNG_Propias</csvlifeCycleName>
    <csvpredecessorPhaseState>MNG_GOODS_SHIPPED</csvpredecessorPhaseState>
    <csvsuccessorPhaseState>MNG_GOODS_RECEIVED</csvsuccessorPhaseState>
    <csvphaseTransition>NEXT</csvphaseTransition>
  </csvPhaseSuccessionBegin>
  <csvPhaseSuccessionBegin handler="wt.lifecycle.LoadLifeCycle.createPhaseSuccessionBegin">
    <csvlifeCycleName>MNG_Propias</csvlifeCycleName>
    <csvpredecessorPhaseState>MNG_GOODS_RECEIVED</csvpredecessorPhaseState>
    <csvsuccessorPhaseState>MNG_START_WORK</csvsuccessorPhaseState>
    <csvphaseTransition>NEXT</csvphaseTransition>
  </csvPhaseSuccessionBegin>
  <csvPhaseSuccessionBegin handler="wt.lifecycle.LoadLifeCycle.createPhaseSuccessionBegin">
    <csvlifeCycleName>MNG_Propias</csvlifeCycleName>
    <csvpredecessorPhaseState>MNG_START_WORK</csvpredecessorPhaseState>
    <csvsuccessorPhaseState>MNG_MODIF_SHOP</csvsuccessorPhaseState>
    <csvphaseTransition>NEXT</csvphaseTransition>
  </csvPhaseSuccessionBegin>
  <csvPhaseSuccessionBegin handler="wt.lifecycle.LoadLifeCycle.createPhaseSuccessionBegin">
    <csvlifeCycleName>MNG_Propias</csvlifeCycleName>
    <csvpredecessorPhaseState>MNG_MODIF_SHOP</csvpredecessorPhaseState>
    <csvsuccessorPhaseState>MNG_PLANNED_SHIPPING_FURNITURE</csvsuccessorPhaseState>
    <csvphaseTransition>NEXT</csvphaseTransition>
  </csvPhaseSuccessionBegin>
  <csvPhaseSuccessionBegin handler="wt.lifecycle.LoadLifeCycle.createPhaseSuccessionBegin">
    <csvlifeCycleName>MNG_Propias</csvlifeCycleName>
    <csvpredecessorPhaseState>MNG_PLANNED_SHIPPING_FURNITURE</csvpredecessorPhaseState>
    <csvsuccessorPhaseState>MNG_COMPLETE_WORK</csvsuccessorPhaseState>
    <csvphaseTransition>NEXT</csvphaseTransition>
  </csvPhaseSuccessionBegin>
  <csvPhaseSuccessionBegin handler="wt.lifecycle.LoadLifeCycle.createPhaseSuccessionBegin">
    <csvlifeCycleName>MNG_Propias</csvlifeCycleName>
    <csvpredecessorPhaseState>MNG_COMPLETE_WORK</csvpredecessorPhaseState>
    <csvsuccessorPhaseState>MNG_VALIDATED_WORK</csvsuccessorPhaseState>
    <csvphaseTransition>NEXT</csvphaseTransition>
  </csvPhaseSuccessionBegin>
  <csvPhaseSuccessionBegin handler="wt.lifecycle.LoadLifeCycle.createPhaseSuccessionBegin">
    <csvlifeCycleName>MNG_Propias</csvlifeCycleName>
    <csvpredecessorPhaseState>MNG_VALIDATED_WORK</csvpredecessorPhaseState>
    <csvsuccessorPhaseState>MNG_DOC_WORK_SENT</csvsuccessorPhaseState>
    <csvphaseTransition>NEXT</csvphaseTransition>
  </csvPhaseSuccessionBegin>
  <csvPhaseSuccessionBegin handler="wt.lifecycle.LoadLifeCycle.createPhaseSuccessionBegin">
    <csvlifeCycleName>MNG_Propias</csvlifeCycleName>
    <csvpredecessorPhaseState>MNG_DOC_WORK_SENT</csvpredecessorPhaseState>
    <csvsuccessorPhaseState>MNG_ASSEMBLY_SHOP_STARTED</csvsuccessorPhaseState>
    <csvphaseTransition>NEXT</csvphaseTransition>
  </csvPhaseSuccessionBegin>
  <csvPhaseSuccessionBegin handler="wt.lifecycle.LoadLifeCycle.createPhaseSuccessionBegin">
    <csvlifeCycleName>MNG_Propias</csvlifeCycleName>
    <csvpredecessorPhaseState>MNG_ASSEMBLY_SHOP_STARTED</csvpredecessorPhaseState>
    <csvsuccessorPhaseState>MNG_SHOP_INAUGURATED</csvsuccessorPhaseState>
    <csvphaseTransition>NEXT</csvphaseTransition>
  </csvPhaseSuccessionBegin>
  <csvLifeCycleTemplateEnd handler="wt.lifecycle.LoadLifeCycle.createLifeCycleTemplateEnd"></csvLifeCycleTemplateEnd>
</NmLoader>